id,label
1314808033466372096,1
1367965205372755971,0
1313319807945773056,0
1311644769584664578,0
1316350624544559104,0
1368619912273555460,0
1367498751988924426,0
1146869722467770368,0
1314471412866875394,0
1315964379070955520,0
1312991363538071553,0
1369934582800388098,0
1350695624757403650,0
1181915210162020352,0
1315301068998422528,0
1317487097008226304,0
1370005843115134977,0
1318948435769380865,0
1369654482196369409,0
1312277227116081152,1
1314913862479753219,1
1313755385430511618,1
1317421234448179200,1
1369340510498918412,0
1319193289883516957,1
1313394674783092736,1
1315413060157353985,0
1315976591256813568,0
1196836937937694720,0
1350155412801253378,0
1315432619950125056,1
1314993078806159362,1
1351859692407042048,0
1146350381397684225,0
1366335511875489796,0
1316002416626671619,1
1368152918474563587,0
1368618951320698881,0
1317392833683312641,0
1326172755218345984,0
1315233559116836865,0
1313393709493358596,1
1316704737941692416,1
1350106677614432260,0
1315896198910312448,1
1327548104523001857,0
1314484771951718402,0
1143966957575819264,0
1317539323605078017,1
1345299445819256832,0
1357760573983887369,0
1368539925843488768,0
1311950433653534722,0
1314456734883295234,1
1317034788675604480,0
1313002694295027712,1
1317130763737903109,0
1314952660487942147,0
1316410708742098945,1
1314451950000173057,1
1369408071001399296,0
1317527479821733892,1
1316064578774749185,0
1313684924076109824,1
1317527982689390593,1
1340744201357672449,0
1370022224309096450,0
1368692235949182976,0
1350106677614432260,0
1322500712434176001,0
1369656385819000842,0
1369172795024883713,0
1316389825751257089,0
1152121262338183168,0
1321112413702393856,0
1146748509057667073,0
1317045597711589377,0
1365631971729297408,0
1367656016616251396,0
1313838003647852544,0
1364992761712283656,0
1197841645741527040,0
1314935276549165056,1
1312327874788184070,0
1366726861871529984,0
1366016018007683076,0
1369568076480516096,0
1315302043758874625,1
1369255459111247877,0
1316694447854411778,0
1368810893853814785,0
1365795842762960898,0
1311597827164905472,0
1369560074012725252,0
1318908629702090753,0
1156628306290184192,0
1313782723010596865,1
1313841815699763200,1
1369911569811976197,0
1363213192554553348,0
1362738408410533889,0
1345342724803866625,0
1318925713618194433,0
1314813821689696257,1
1369224996309118977,0
1369911781964058625,0
1312300737460875264,1
1315897794813669376,1
1368574276912177182,0
1369390924959191044,0
1368647561746259972,0
1315033918509285377,1
1364848665161068548,0
1313050927243419650,0
1315246246395883521,1
1317049404067545089,1
1316639536638824451,0
1367936314478362633,0
1228274382264508419,0
1369566042780016643,0
1316409699185692672,0
1312293767567867905,1
1315977741871788032,0
1318847723529998341,1
1313052161274793984,0
1316389755131703296,1
1334139333520076801,0
1313033585432109058,1
1369621059129970691,0
1361261785857331202,0
1318969203483881472,0
1369035178065158154,0
1369896971201302531,0
1368256219652165637,0
1181875328693784576,0
1314920743164153857,1
1333367430551379972,0
1315869681090260992,0
1368677339610152961,0
1316255750516342784,0
1317515083346575361,1
1364928217413468160,0
1314963116430688256,1
1315085721800265728,1
1318837497661632513,1
1324382807767044096,0
1368335534171512846,0
1146783231792025602,0
1319034484583501825,1
1312314364595179520,0
1315957121612214274,1
1183868153975185408,0
1367443843491258372,0
1369328535328980993,0
1368692593161297924,0
1314089920089272320,0
1317406561539661824,1
1316370063008636932,1
1311962894364553221,0
1318939343864668160,1
1317406548914831361,1
1370086515301318669,0
1316379238891651079,0
1316727866319659008,0
1316069037357568000,0
1315256354215526402,1
1370039478367191049,0
1315283072246480896,0
1369894606343667712,0
1368729419431501829,0
1314445819697913856,1
1368838439391662081,0
1311579333249716224,1
1311937296602746881,0
1369597638434230275,0
1200481957307670529,0
1312307213663432704,1
1314991616797663235,1
1314090480293097475,1
1368645682790285313,0
1369993959146192901,0
1146486488974135296,0
1179463995859845120,0
1330830498780811266,0
1313016168773554176,0
1313729442624274435,1
1369571153874989061,0
1142036014338326528,0
1314983081154142211,0
1367821005104775170,0
1315169898679631872,0
1311632887045853185,1
1311631817800384518,1
1314126065279868928,1
1313731636643667969,1
1311940455987376128,1
1314517442123751425,0
1317447980329455619,1
1364905939967631365,0
1350106915716608000,0
1312315026037002240,0
1314825605913939968,1
1364865121093378050,0
1314893698363207682,1
1315878742837932032,0
1314921068092633090,0
1311896731890659329,0
1317062845092319233,1
1360267158098501634,0
1312675207593824256,0
1318922377452003328,0
1311650297954078725,1
1316661731469426688,0
1369627109484855296,0
1351164979156840449,0
1313409258088734721,0
1318828945773649920,1
1355115912093949952,0
1368850222990958593,0
1317414426279055365,1
1316323307562598402,0
1366732957738745858,0
1142033841437204480,0
1316995646692491264,1
1313809816595333122,1
1368644345361031177,0
1313789942955376640,1
1318848829593210880,0
1311861737604423684,1
1359559918509060107,0
1369660367996092424,0
1317153041787793411,1
1366499975635628033,0
1369334308461219843,0
1317362064793403392,0
1359421099310735364,0
1311619332154306561,0
1358408807219679237,0
1228333013739720709,0
1313644835287556101,1
1370052323058274309,0
1317480538706497536,0
1318895824173256705,0
1366281567866400772,0
1316287576316284931,0
1366406687469559810,0
1316679321709408256,1
1350744942998597633,0
1315225159121289216,0
1362466741666930691,0
1369400110141038595,0
1365994731545759749,0
1366445769386033153,0
1369950403526340612,0
1341019928007221250,0
1317312578356465665,1
1316428681753968640,1
1317065791746019328,0
1145623656489521152,0
1366354974846951430,0
1318861507426471936,1
1315941473532219394,1
1317522155333160963,0
1315305397637521408,0
1367567844846817284,0
1319147991748517888,1
1368859651484319745,0
1313060377371041792,0
1370087510978748427,0
1314958351218900997,1
1313004797197529089,0
1312339247660236800,1
1318995427304288257,0
1337373834148802566,0
1369276862665547777,0
1312631657300725766,1
1231532631424151552,0
1201114501036347393,0
1359945002965680128,0
1366778633059237897,0
1181914406613114881,0
1315962947017961473,1
1365238357995962368,0
1314841086658043905,1
1316670061873168385,0
1315305457427324930,1
1315202566398136320,1
1337335582276587520,0
1314131372517228545,1
1312278372358250496,0
1311585905757618178,0
1334042280068517889,0
1316983424419319808,1
1365430240772784128,0
1364905315028922372,0
1317518291619991553,0
1316296519193161728,1
1368823436886355975,0
1357750303857205251,0
1369561459529777154,0
1317024555974742017,0
1333410490064785412,0
1313743308699701253,0
1369361302943117312,0
1369781001338163201,0
1369067883259691010,0
1311885761013141504,1
1317154983129866240,0
1311623751956598789,0
1206864779186495488,0
1144557083649556481,0
1311964794900144129,1
1369984452693217283,0
1314723205974814726,0
1368124286066655232,0
1317352806647582720,1
1315398297335607296,0
1365338664734236678,0
1316419439080939521,1
1367769822054989825,0
1316532422792675335,1
1325408011695886337,0
1350478324817162243,0
1314991729091764225,1
1317153837820555270,1
1317431284881367042,1
1367453475559374852,0
1365969220509589512,0
1316708858342125572,0
1338506089793548288,0
1361444889658085384,0
1314882215587741697,1
1156621583504564225,0
1357644698190573570,0
1313348232307712000,1
1314261272834211840,0
1318807752047759360,1
1319218861665812480,0
1319004778664517632,0
1314468798305644545,1
1313709688719052801,1
1312328680551649281,1
1369230455158018049,0
1317480209550028803,0
1369464322934603776,0
1342155303777927170,0
1367905944877883394,0
1325070402088013824,0
1312290146847522816,0
1365984486136180737,0
1313053636931579904,1
1197816073959170049,0
1316437407986843648,1
1312293379435311108,1
1366812207980412931,0
1231530568162082816,0
1146505727890079744,0
1312301277385314306,0
1180193628230242304,0
1314811981350670338,0
1315383248118329344,1
1314129394944835584,1
1369966031230414850,0
1147784830584852480,0
1313752730461245440,1
1368856123084783618,0
1369301181101727744,0
1351858369070555136,0
1316397083843325952,1
1319159370853322752,1
1368624943370502144,0
1369003398918463494,0
1369935065170477061,0
1370049320318345219,0
1311943565908598784,1
1313405200951111680,0
1313352901683802117,0
1144873689554575360,0
1368825584248324098,0
1312665718446592001,1
1312968863315828738,1
1315177044469264386,0
1347488567845646336,0
1364577554330513408,0
1370052312484433922,0
1145628071510323200,0
1313403852104912896,1
1331585788237189123,0
1369721676573868037,0
1318828826441416704,0
1317090129677266944,0
1369243245205721089,0
1280478386855579649,0
1368726020757598208,0
1369998232093351940,0
1315900233243656197,0
1316621957669031936,0
1311645502723837953,0
1368705454583472128,0
1317086757071081473,0
1319031521764847616,0
1365730149497528322,0
1315988694319460357,1
1369624788440858629,0
1320347006364254209,0
1313774570894229504,0
1314501826960646144,1
1368880036858716164,0
1316645586926436354,0
1325900884132421632,0
1368869525618368513,0
1315279738047471617,0
1316434349256998913,1
1317519171765342208,1
1312655769486209025,0
1362466734083571716,0
1316686289895387137,1
1361265846576939012,0
1316622003391078402,0
1368607223392374793,0
1368649254647005187,0
1366858724879568896,0
1367462908368715778,0
1311834553548451840,1
1345303933351297024,0
1312324551712403456,1
1231527136038735872,0
1319022905150349315,0
1317439148488331264,0
1316725862872608773,1
1314885316961067010,1
1364998711818940429,0
1315029257920356358,0
1314924604188655618,1
1305782916685889536,0
1315421752491683844,1
1369744758638342144,0
1365376157995184138,0
1317103730731474957,0
1314478994201481216,0
1369001076490436612,0
1368315264123699201,0
1312656016358637568,1
1315094688551108608,1
1367784980659777536,0
1367957137025073153,0
1312293475677868032,0
1318786742904934400,1
1313784211078348800,0
1367767384019378177,0
1358119088405565441,0
1364928383193395206,0
1316973901503729666,1
1369604216470245377,0
1139081268249989121,0
1368700828794695683,0
1368676193411686402,0
1313363908120522753,1
1368309303896125440,0
1314112418780413952,1
1314104860590125056,0
1156622686019293184,0
1317365812374757376,0
1368941931913445376,0
1365403530744446979,0
1358452664091226120,0
1365990152879890432,0
1369640315511005193,0
1363141199616483328,0
1315323148502536193,0
1350042231718244359,0
1316421193784864768,1
1369366777306750982,0
1370056918203531267,0
1368471647288692737,0
1329144653015371777,0
1315988532742291456,0
1326852660365053953,0
1313031210923429889,0
1343880716019527680,0
1146703639844708353,0
1367757725220896768,0
1369321594510835712,0
1317382585966862337,0
1313811256449654784,0
1311575371175915520,1
1369634522980114436,0
1369385242516131844,0
1316392860296589312,0
1314972412732231686,0
1366159180629958657,0
1315342943922851841,1
1369621188889165835,0
1330840560572174342,0
1334556928492646400,0
1361648205327392770,0
1314887773359398912,1
1318905196341317633,1
1350187076310999040,0
1316705850493489152,1
1314840028477108224,0
1334554101636587525,0
1314879634333405184,1
1319186277858758656,0
1313339215153946624,1
1316297754319171584,0
1326173962175438848,0
1313416516839374849,0
1316049917471850497,0
1350105913861021698,0
1313812537075470336,1
1315335029493559297,0
1318926190263107585,0
1313751810012778496,1
1367760448796454918,0
1334785607399337984,0
1318906237283667979,0
1309441027653206018,1
1369001136959684619,0
1314133190341255169,0
1317489096256851968,1
1366815388953178113,0
1356689745896759302,0
1317481007109574656,1
1368614046526738433,0
1315162276115238912,1
1324699597743230976,0
1315378850474328064,0
1314835682658054146,0
1330926961921765379,0
1311368518697455620,1
1368627559638896644,0
1369072811692744706,0
1314984603074134016,1
1316298640579858432,0
1228276518012542977,0
1368926872030093318,0
1314901372651941888,1
1314804968340303873,0
1319186167053447168,1
1316065312891187206,0
1315159081460666368,1
1369222695473274881,0
1144970212149776384,0
1318937880484585473,1
1338185408606310400,0
1364828921146068992,0
1322284050296524800,0
1369439002017869825,0
1315306792356917249,1
1361381237311553540,0
1317405449067651073,0
1313818733496930305,0
1140558935822413824,0
1316316920031961088,1
1311645077014487040,0
1316297069141921793,0
1351860750713843714,0
1368943508409696260,0
1369204739779477505,0
1313347847685840896,1
1318799052381847552,1
1142022466019188737,0
1313835463023759361,0
1368524675765174273,0
1316644784048611328,1
1368280613954985996,0
1369340039516262402,0
1318831525404807169,0
1360203805661548548,0
1319021093697576960,0
1318815808458543104,0
1315406606234980353,0
1318906915003531266,1
1321761453007843329,0
1349750861954772993,0
1338840443723898880,0
1318865997386874881,0
1311609259415810059,0
1368662513865351168,0
1367910282689974282,0
1139227597437571073,0
1315335598442508288,1
1316645835766145024,0
1315355865302675457,0
1313048315001556993,1
1368199435914784768,0
1366655132184825857,0
1318848585618886659,0
1314829691996471296,1
1318946394590400514,0
1315885531520290816,0
1316718955550183425,0
1369278776442580994,0
1311918407781056512,0
1369412029493153792,0
1369965352294223872,0
1311948671181701120,0
1316009657912049664,1
1316619135887998982,0
1312320605308547083,1
1356885325973508096,0
1313075321013403648,0
1312306937606873089,0
1348948814619684864,0
1338101065779191809,0
1368925745473589252,0
1311634456760012800,1
1369382816048443395,0
1314764275957862400,0
1332580704878780417,0
1369560587575955457,0
1316284842275999744,0
1311624189502197760,0
1361392462267371520,0
1317521039082008584,0
1370073906174910467,0
1366345899375476737,0
1369026350577823746,0
1317071040326107137,0
1315382223751741443,0
1361678092377481218,0
1369586007859953668,0
1200491909829025797,0
1366809935212855297,0
1315391928893136904,0
1367818885530025984,0
1313007485721235456,0
1314839920947728384,1
1362768242398425089,0
1316266799906918400,0
1368605577304244230,0
1370014893605322759,0
1317426399351889920,1
1369350447572672512,0
1369264456807616516,0
1316996115540172800,0
1362018925291184129,0
1334556929637617667,0
1318834666334527489,0
1313777833064488960,0
1318935623160516612,1
1146678453976076289,0
1311940613517070336,1
1350015035809083394,0
1311929641477844993,0
1150413380257275911,0
1328287589158301700,0
1366075387718098948,0
1369321884295311361,0
1369044175925227521,0
1180117257990656000,0
1314806857131851777,1
1312674612782804992,0
1317001012494934016,0
1181910776132636672,0
1369733508860698624,0
1315872159454179328,1
1315293014735101954,0
1313640708474130432,1
1362017000722227204,0
1313406612804186113,1
1314755896204029953,0
1362386174430560260,0
1319221198044205058,0
1342074799380717569,0
1369559957159436288,0
1316309563616960515,1
1318978479917027335,0
1331287274705874945,0
1356520405926838280,0
1363871721376387077,0
1369343005052829699,0
1367002878443810816,0
1314904639049994245,1
1317492701739274240,1
1369384350962360322,0
1315972024032989184,0
1138767958094831617,0
1368610908063363076,0
1359862149905063937,0
1359119243980201985,0
1316061902112468992,0
1328720116742283266,0
1188816944935424000,0
1370053833418801155,0
1314951143185940480,0
1312659495466733568,0
1179740059911802881,0
1314529275362660352,1
1369723934380277762,0
1313034931598176257,0
1313034723816615939,1
1350111706643648515,0
1350042230317314048,0
1317523759608287232,0
1316297840994418689,1
1316007481965830149,1
1369756172320964621,0
1315423047877300224,0
1315309515957567488,0
1317431168288149504,0
1368574564641484805,0
1356687844278943745,0
1313337756140142592,1
1318968195374587905,1
1315361576073990145,0
1369658737624051714,0
1369369013818691584,0
1364904550491181057,0
1369001823441481729,0
1343584689395814401,0
1139216647435108352,0
1313514669286526983,0
1358035854183329792,0
1313042068902752261,1
1143957623370371073,0
1311958340851953664,0
1364886532163829760,0
1280477515186933761,0
1311457084823810053,0
1314862310696062977,0
1368594952956022784,0
1196169550045286400,0
1318886589716717571,1
1317349431684091904,1
1152149281622646784,0
1365724669438025729,0
1369637633253588992,0
1369602978357870594,0
1368137240740823042,0
1316714322429607937,1
1312666586965331968,0
1312598152340480002,1
1231529949972041728,0
1313057593292513281,0
1318842280095211520,0
1317036523313860609,0
1314895526240948225,1
1365580973644144641,0
1315380842190036994,0
1314859623657152514,1
1316288839653240833,0
1315170758461739009,1
1366292490379284480,0
1313633383231217664,0
1313387701278777345,0
1313737265223536643,0
1317523415365013505,1
1330926960806158341,0
1317003362718593025,1
1363504037971263499,0
1370081106024861704,0
1334116246594449409,0
1345144036122914824,0
1332319027755167751,0
1350105913861021698,0
1314108691633893376,0
1317330386964385792,1
1356684075281616899,0
1365435084904550406,0
1368165033440591873,0
1363527922976518146,0
1316410171200090113,0
1312630453405470720,0
1366075386178789377,0
1317039112843571200,0
1313751425978109954,0
1364649092354363397,0
1369252705689042946,0
1341384121361330183,0
1316035726409109504,0
1328704451994144772,0
1317049800982994946,0
1317070804690046979,0
1340291705736671232,0
1319004620077879298,0
1318786222534332416,1
1314974309602013186,0
1317402595133186048,1
1315326680379125760,0
1369393049680363525,0
1315351337618608128,1
1369387748575084545,0
1311970703181320192,1
1315987714077011968,0
1312992796589142016,1
1318821766119198722,0
1313377202663239680,0
1311944930781212672,0
1369642843732668424,0
1318948588634996736,0
1317038994132242432,0
1364886645577818115,0
1313834565107167233,1
1368873678625271810,0
1369177432163549184,0
1314851865855774720,1
1319208709088792576,0
1312339445807538181,1
1364145745998327808,0
1316007140478406656,0
1314525049379065856,0
1314135109218504704,0
1319231593416896515,0
1370058735788376071,0
1319160560433455104,0
1314956570258796545,1
1338506088543621121,0
1313351475406540800,0
1369517234897485824,0
1315367012013494272,1
1315899777964544001,0
1364921718951804929,0
1316400407594307585,0
1312994041173282817,1
1367758118726336512,0
1317398241105891330,0
1362884227067486214,0
1317445087954161664,1
1361658684238102533,0
1315415868659109894,0
1369341132375797764,0
1311609107653234690,1
1315115071257948160,1
1183855809362575361,0
1350044624254066688,0
1311327757150945286,0
1368676242166284294,0
1359474065162063873,0
1311567459858755585,1
1366837955478880266,0
1315301684785147907,1
1314836036866969600,1
1316043342313029633,1
1343541601713463296,0
1314093980473274369,0
1316253928783310849,0
1315352707985821698,0
1243229204822589440,0
1344567762446921728,0
1352771673825701888,0
1316055558097637376,0
1358670992525189120,0
1338840571058794499,0
1317378979423227905,0
1315320675985485825,1
1368483381416259586,0
1351859688275636224,0
1369597848501837826,0
1359862148781006850,0
1313781126599782401,0
1369388847788883970,0
1314992262586273794,1
1180196117256003587,0
1366413362985320453,0
1369337015230160898,0
1318708215832608768,0
1314525040231276544,0
1317068980121718784,0
1280474647360868353,0
1368515940825042946,0
1313033954283450370,0
1367905636860706819,0
1312976965159116800,1
1326856724695949315,0
1314963743810490368,1
1370108825173434370,0
1180174913082155008,0
1368692166898368517,0
1313376646259408896,0
1363101385022189568,0
1313375895785295878,0
1369719730085445643,0
1314808961380614144,0
1326469305966456833,0
1139807538701058048,0
1369934151865020420,0
1314154705547931649,0
1318875715912294400,0
1351169974166052868,0
1346737976596946946,0
1368514462223904770,0
1339873801425850368,0
1318833065976909825,1
1347243924042240001,0
1369214269808644098,0
1366739574832193538,0
1311920857514676224,1
1350015183926779905,0
1358036598722560002,0
1315386505217675264,1
1316692630156304385,1
1313828171561742336,1
1146348791592886272,0
1316277159800041473,1
1315293862609465349,1
1369670787330945027,0
1316297073420103680,1
1367895125729411082,0
1331620752026693634,0
1316415198132162560,1
1316698177936994318,0
1312325467932954624,0
1369347846395338753,0
1311524069708312576,1
1350155412801253378,0
1368298564380725251,0
1314419686591868930,0
1145629585557602310,0
1369434070803963906,0
1368992631951400972,0
1315008149808705536,0
1366671923300732931,0
1311949940478881792,1
1312653355936817152,1
1314778970957676546,1
1312321016866238465,1
1370111912495751172,0
1315243914518040577,0
1314921071951450113,1
1334150346109808640,0
1354422958761144322,0
1315000481312321542,1
1365374157257658371,0
1312335713011150848,0
1370089016285143065,0
1314084146021650434,1
1315265567075561473,0
1318917771724546049,1
1314835982659858432,0
1319198640343306240,0
1368323433734475789,0
1358710508153696256,0
1226153775380996097,0
1368900706971906058,0
1313712529785450497,0
1334554102794252289,0
1318814926153154560,0
1311931320898138112,0
1311530221942734848,0
1367497266504880137,0
1312651637937369089,1
1313031039263141893,1
1317159816721301505,1
1312639600108675073,1
1341021710481580035,0
1146509999746813953,0
1332753126236033025,0
1366487047440113665,0
1317094208176619520,0
1316664626428497920,1
1315409571746381835,0
1369751234853355521,0
1314792660960452610,0
1362017731843919872,0
1364218587389419521,0
1314112395095273472,1
1325408016271896577,0
1311872936232529921,1
1369632740228931585,0
1357979528803540995,0
1341657158157529090,0
1313813788806782977,0
1316943013722132480,1
1369372252232355841,0
1342547176115810304,0
1369274087160348678,0
1313405106117922816,0
1313413563667681280,1
1316324856389140480,0
1197478840047751170,0
1314931436600918017,1
1315015400908894214,0
1315207023198433280,0
1366734643601559555,0
1370018783469793284,0
1367462908368715778,0
1367941719761813507,0
1316976045443211265,0
1311902835177598976,1
1337330841794514944,0
1350155203689984000,0
1363874108442828803,0
1317355846435831809,0
1368300746274398210,0
1311937521148928000,1
1368621726746152965,0
1350191891179048960,0
1317277078337867776,1
1370053442903871488,0
1312971456851181570,1
1361726707351306243,0
1369554431520477186,0
1314814478471626752,1
1315965544584163328,1
1359058592289161217,0
1358324581807890432,0
1142030186013237251,0
1314154531668844544,0
1313711290301505536,1
1368824400796151808,0
1325899570413510658,0
1312624608332447745,0
1318876030682226695,0
1142438482108960769,0
1315371968565252097,1
1369290661741137930,0
1369429955868819457,0
1142026654740602881,0
1315926240382119937,0
1369749302504005633,0
1315889097517531137,1
1368811358976872448,0
1316431279194288128,1
1350478324817162243,0
1200869482236915712,0
1369952897350447106,0
1369367592650018821,0
1317514624523173888,1
1351644522237849600,0
1363871766385471489,0
1311607182673301504,1
1312649529121026049,1
1313353048769597442,1
1314068739508383746,1
1369464053689679872,0
1315194166301937664,1
1359279722727956484,0
1314522167485235200,0
1356684076493717510,0
1318900654644015104,0
1317439417821384704,1
1311561018452123648,1
1312642534200553478,1
1314133673638277125,1
1369591848793214976,0
1314470438991474688,1
1318815295402840064,0
1342092701169283072,0
1369768926423441408,0
1318961147140341763,1
1312968070797893633,1
1315017093696417793,0
1367892915327021058,0
1369426868894580739,0
1314391314130141185,0
1180197553129828353,0
1315247856702427139,1
1319182513152151553,0
1332311672728522752,0
1351169965160861699,0
1316654808078655488,0
1316276503697596417,1
1340292437693050880,0
1328661209760075777,0
1314093107667972098,1
1140247784848855041,0
1314854250158206976,1
1368940730564100098,0
1369970498570964993,0
1315343474527539200,0
1317435863589179394,1
1366813124653891585,0
1314873297247637504,0
1334550546976559106,0
1316334970659627008,0
1369550403017261056,0
1314390279269556225,1
1369338029542891520,0
1317158873640374273,1
1369558248295178240,0
1362021483648811009,0
1365961899251269634,0
1362018255112728580,0
1315968538524430336,0
1315294106843779074,0
1318891338146979840,1
1314862394385072128,0
1351892419407654913,0
1313766966906294277,0
1314994338150182913,0
1322238543759134721,0
1311559245284999168,0
1367909290833481735,0
1319165425125625856,0
1314717539033899009,1
1357929196379643904,0
1316695648532664331,0
1311407964901838854,1
1368344966163005440,0
1361330626398466050,0
1368642956966658058,0
1314801239369146368,0
1368624076865105924,0
1369369710303789063,0
1313384121251631104,1
1335966829781667842,0
1183861962570117120,0
1360489055188897792,0
1319042553367453697,0
1369786326288109569,0
1317491647798779904,1
1316427361009774592,0
1311628775810105344,0
1313052538283929600,0
1318990397457170437,0
1317457736842477569,0
1319210273098600449,1
1368956030479200259,0
1312244246775296000,0
1317391507008163840,0
1314528890929524736,0
1146354647961088001,0
1319164811024961537,1
1311953614701768704,1
1368650728798105606,0
1315936944946323462,0
1334147179066380292,0
1368094360244547586,0
1315952215148957696,0
1369650938374479872,0
1146852101387145217,0
1334073361945735175,0
1311629601081307139,1
1364887378398224384,0
1358053942945583104,0
1314967395707092992,0
1313706455757881344,1
1317534621387685888,0
1313729209219637249,1
1337335271050850305,0
1312339274440806402,1
1313784508127285248,0
1317530786925584384,1
1318837690306072576,0
1341011210288979969,0
1312576445768708096,1
1318985700893753348,1
1367576976140156934,0
1313732408840257537,1
1312267015206432770,1
1144171617033052161,0
1319055043178483715,0
1359829940150165511,0
1314942515833958400,1
1318957162849239042,0
1341090123660865536,0
1365788619219361798,0
1362725918897287168,0
1313738777995743232,1
1369636260164276231,0
1317445307173621760,1
1367559571405955074,0
1337002134567612416,0
1314119656345657350,0
1317484284865904641,0
1311887360368541696,1
1319298397858230272,0
1280475855957999624,0
1329134023172567042,0
1311633794823270402,1
1314891439826972672,1
1314836866156449792,1
1314961598759481344,1
1312972625422028800,1
1315264530868506627,1
1350154990661345287,0
1370054396135014408,0
1353341249084915712,0
1142014812018356225,0
1315386355418103808,0
1368815159075037187,0
1316396350846775296,0
1333790705592856582,0
1366379078329237512,0
1313072276666023943,1
1314901763464597504,0
1359255223483645960,0
1319669364627542017,0
1369008232304349184,0
1317376877317754880,0
1360632214610972672,0
1317405246277193728,0
1367498146251755538,0
1314991756757405696,1
1317389072957165573,1
1314948139149910016,1
1315373745285013504,0
1312633385597259777,0
1141415149695320065,0
1341063580301611012,0
1201048794613387269,0
1316658557690019840,1
1368199428167831554,0
1337344313517338626,0
1313009246058012673,1
1369326737612550149,0
1338887899564154883,0
1350393173068181508,0
1311616544263352323,0
1368260812519964673,0
1315985825918787587,1
1314124528696651777,1
1335963533297774593,0
1366809933858164741,0
1143949249773809664,0
1312251638812377088,1
1314137945184624640,0
1313376189260738561,1
1370094784233279496,0
1318476731351781377,0
1317044093458014208,0
1317456859947827200,1
1334855506280714242,0
1350042234431959040,0
1313412575175094272,1
1315199098165788672,1
1322463201271885824,0
1315910136687403008,0
1316383089866792962,0
1311910880330813440,1
1317022107495239680,0
1363791080492310528,0
1314474701402640384,0
1319033851428196353,0
1315242217204834305,0
1201124448083988485,0
1317366371865534466,0
1145648374307270657,0
1358704296833990656,0
1313347844175257601,0
1311600629098348544,0
1369353372864815105,0
1335952866096320512,0
1361401538367881221,0
1317359682311380995,0
1368880575885479937,0
1314480098951786498,0
1362743408058634249,0
1311974235183742977,1
1314948358868545536,0
1311507896639852544,0
1366076180567384072,0
1314860380603191296,1
1333790703151771648,0
1313397118300827649,0
1316631269917294592,0
1368826650914402306,0
1364903114428583936,0
1318941574047346690,1
1368285852087050240,0
1341021707629441024,0
1315210033962119168,1
1317482222987993092,1
1364988296770813958,0
1335537702473773056,0
1363890388415700993,0
1311958645622607872,0
1231531198981210114,0
1314829692151705600,0
1317455855898550273,1
1312655938013278209,0
1367443434919915521,0
1319122851639775234,0
1361753451617783811,0
1358322334659186689,0
1315926077752172544,0
1312972943245430784,1
1317442625012629504,0
1369797889522888706,0
1368641335557824515,0
1143936113121341441,0
1314902540388110337,0
1368596383683514368,0
1365658573506772995,0
1315008236827836416,1
1369714873563836418,0
1335953695037517824,0
1317121411329216513,0
1336321604276551686,0
1311641935426318342,1
1315379007484030976,0
1317124105590759424,0
1340997869134856192,0
1368648974723350529,0
1328661200859705345,0
1315951743650406402,0
1316281399935225857,1
1315620835965784064,0
1359896988431572995,0
1340336429864501248,0
1314989534220820482,1
1313733988100591618,1
1312281158999322625,1
1315287756558544897,1
1368619853226074118,0
1350106518415421442,0
1369608545277255681,0
1361678092377481218,0
1332580711132516354,0
1313339259550601216,1
1369280116992450570,0
1368179062712205317,0
1316304418615316480,0
1337334011950231552,0
1359045444907720704,0
1318828333107499009,0
1319038953484406784,0
1359181784924229635,0
1368675314868555776,0
1317522279018958851,0
1369562772271468544,0
1315268215363317760,0
1324662482342989824,0
1231528190990049281,0
1325900883029352455,0
1365970692299247622,0
1318918929876647942,1
1318164728078864384,0
1312310670873030663,0
1315209406267772929,1
1314789617770606593,1
1369726487759384583,0
1317280820114194432,1
1318982981902622723,1
1312339648262402048,0
1368691674109591556,0
1314885748408176641,1
1316645519469543424,0
1313046677536870406,0
1311564197101285377,0
1369687863663661060,0
1311581803006885890,0
1320411302746087425,0
1314728898723287040,0
1314915353760346114,0
1143120605459472384,0
1363757476403949574,0
1317373508465364992,1
1366076229502328838,0
1334505376226676738,0
1313831475175985160,0
1316378838365069312,0
1313739727871279105,1
1311947586698346496,1
1368868038523633669,0
1311622980942913536,0
1366038417553960961,0
1181911662644940800,0
1314850466749177856,1
1318985953994809344,1
1366779290994507778,0
1315389790708211712,0
1311638381823172608,1
1337751664225357825,0
1319034766956572680,0
1369326100397109249,0
1365994188488249344,0
1316359508533432321,0
1369926347284504576,0
1314860987225432064,1
1311963060089876481,1
1365178670026002435,0
1368206228518805504,0
1365582688997015555,0
1315237880516677632,0
1319169931045462017,0
1328385293544804353,0
1369028754442444805,0
1360214852812349440,0
1319231503079964674,0
1359812964874940421,0
1313838572869427200,0
1366386892695044102,0
1366170793412018178,0
1315969691953909761,0
1367428049998909443,0
1328304693404184576,0
1316297989397377024,1
1317133185948524545,0
1318806823978307584,1
1369597635531837440,0
1317366044995031043,0
1368299029361213440,0
1365777032727117829,0
1337339924471803909,0
1316426619070877696,1
1369353989461016576,0
1313825612172341248,1
1314502294252253185,1
1311927892171948033,0
1341017275621650432,0
1362781634718797827,0
1142020119977254912,0
1336298705624965120,0
1369423245938720769,0
1142024091534286848,0
1328340134979379200,0
1336298703137681409,0
1317362435813158912,0
1368145553985507331,0
1320739097187672064,0
1359218473285668870,0
1315964624714506240,1
1370022092565975046,0
1359854131545051144,0
1314924260721385473,1
1359610812235677707,0
1317457053061992449,1
1363820465316364290,0
1356259217397735426,0
1319062033946607621,0
1350075022543564801,0
1337335272267280384,0
1368880457316786178,0
1138513224490467328,0
1314866401279127553,1
1317153997044723712,0
1359822716442972164,0
1315180957981446144,1
1351860749241561088,0
1369188420623470595,0
1312987761171931136,1
1142121337554702336,0
1363856207551885314,0
1312991612411277314,1
1365967215921684480,0
1344701470499811328,0
1317161465913245701,0
1351858371603869696,0
1367829954252136452,0
1314941917050929158,0
1317447057297137666,0
1312962511763890176,1
1358721798859350017,0
1365564617167151106,0
1363871720147451905,0
1362722564645265408,0
1315033050997235712,1
1318897976375476224,0
1350073572425945088,0
1317117085672263680,1
1369093344756908033,0
1318817943300509696,1
1362017337285742601,0
1315252667178983424,1
1331260400944427009,0
1313378362979741701,1
1147204867758465024,0
1312341696206852096,0
1369716692352434176,0
1312598291960532993,1
1328287586150998025,0
1334148195555942405,0
1316692030291050496,0
1327959681130749952,0
1336298706870669314,0
1369255147784843269,0
1316726435747442692,0
1315035699842777089,0
1311648033134776321,1
1316416863757389825,1
1313820915159965698,1
1365991825312526336,0
1315039829026054144,0
1316413751990587393,0
1312987290982113282,1
1181913398935732225,0
1317413396170629120,1
1313786698707415040,0
1313037683439136768,0
1355593734008807430,0
1370011295307751432,0
1312315418913239040,0
1312333968365232130,1
1367200716520108037,0
1363873780825808902,0
1315249481806483457,0
1369238916675551233,0
1359922637468823558,0
1329048036891369481,0
1315425510957121537,0
1312653280086913026,1
1368604490132258818,0
1366378642251603970,0
1362474928650518530,0
1359122482456907779,0
1139051255538565121,0
1317018910781284358,0
1313323652432228354,0
1314977592647319554,1
1365986020588720128,0
1311970442165583872,0
1368126354806431744,0
1367944630084440070,0
1313022241072848899,0
1318787124007755777,0
1314937123582160898,0
1313815209484734465,1
1315120547689312256,1
1365381544932687881,0
1362744778681638914,0
1367751136162283520,0
1311974931941470210,1
1315854961570447363,0
1317454382137593856,0
1366671085224275970,0
1369529851410022402,0
1317449373891072000,0
1311626936083509248,1
1314505873453133829,0
1350106917130145793,0
1142041133062787077,0
1315879619275390979,0
1316719901768380417,1
1313378553665392641,0
1368295380576780288,0
1315086751636041729,0
1359822919883440130,0
1318804561189064704,0
1368211060407349256,0
1314829632202510337,1
1368887387653300227,0
1313716178410442754,1
1312204776944267264,1
1355270458330013697,0
1366019179325906949,0
1318850083002134534,0
1314949744624578561,0
1318476728273113089,0
1369385647698546695,0
1156245998802472962,0
1315036771466522625,0
1315033090880876545,1
1311561926267281410,1
1368526610371129346,0
1364846275737305091,0
1313398491662766081,1
1313748432205611008,1
1200488459904802816,0
1318982803443339267,0
1317425491259916289,0
1316352080408444929,0
1325902850057261057,0
1368989793414230017,0
1312335068447285251,1
1369998606653136897,0
1369597636974698499,0
1313738217192132613,1
1368294494894981121,0
1317368557605355520,0
1337330840670531586,0
1315275321252425729,0
1368613064392781825,0
1317418045116219394,1
1336327480534167552,0
1316403126455463938,0
1368189769260351497,0
1315993012288225287,0
1316670468951285761,0
1336298704291188740,0
1362143545377906688,0
1314719174762037248,1
1316403298241597441,0
1316627731241668608,0
1349428634214412291,0
1208325960317251584,0
1311567590951718912,0
1331205193896239104,0
1368913986553602054,0
1334549845110116353,0
1358015982648905728,0
1341384128458047491,0
1312323714936078336,1
1341021711953768452,0
1313406685680226306,1
1367579262014943232,0
1315305871094812672,0
1369069663133593602,0
1351859690909675521,0
1319204450117046272,0
1362819070756855812,0
1311535908735324160,1
1316705394832609280,1
1316664767717814272,1
1359554336343420933,0
1315386963407572997,0
1369993949721600004,0
1365666419506053120,0
1315998693556989953,0
1317366296137375744,0
1369337990867279879,0
1315384340155695107,0
1359793910470606848,0
1317402708731625472,0
1369746199704698885,0
1368628319684591617,0
1315364192824721408,0
1368725952465895426,0
1367436288329207813,0
1364918101666648068,0
1312607733183639552,1
1315937184520769536,0
1316429133484896257,1
1358804479152443397,0
1365242432674275331,0
1313354258746609665,1
1152146178856931328,0
1324684284096057356,0
1368913212922593281,0
1346456163404148737,0
1318807815843033093,1
1369998557428785152,0
1319014663321980933,0
1315386734339907592,1
1318977535259168769,0
1368981102879268871,0
1328385303904710659,0
1143609837210742785,0
1354384123637473280,0
1315186780094763008,0
1316723227465592833,1
1314948337846673409,0
1314244982853832704,0
1368232933341990915,0
1369039120941649920,0
1313052206757752832,0
1316301478718574594,0
1314837280935247872,0
1315142662865985540,1
1318976850102726656,0
1369334339163537422,0
1367763199123161090,0
1138515811797278723,0
1314510282933362689,0
1315038205327093761,0
1146106313472184323,0
1318790561437044738,1
1326862726950510592,0
1336241895102672902,0
1358027013408358400,0
1366405336836411398,0
1350845977851269120,0
1190212941368451075,0
1311644740178399233,1
1311549684402581504,0
1338101063971450882,0
1318806924079648770,1
1311561452600385539,0
1317423101395849216,0
1317037463441911808,0
1359110735335464967,0
1332319030175277057,0
1368181148699000837,0
1366810778230226948,0
1311600576078196736,0
1317545917655011329,1
1331284920568832009,0
1326845321125777408,0
1316667029634650113,1
1315424987231158272,1
1312988283375431680,0
1315366033092489217,1
1358443263523508224,0
1317405713925373952,1
1314837427249467393,1
1313774905289211908,0
1313750030583386113,1
1318857155861164033,0
1317469808498249731,1
1316038350243950593,0
1231529661643055105,0
1180194288057106432,0
1317433906082217984,1
1315233423011635200,0
1316346825826332672,1
1358787333001207810,0
1369992882451578888,0
1313815599416586240,1
1367776400757952513,0
1330882050560286727,0
1313405784215171073,1
1366717190196584452,0
1369627846889664520,0
1312577669939310592,0
1326892461520785408,0
1368886690216042498,0
1366093175664836610,0
1317433972079628290,1
1369597640397185024,0
1369993965521489930,0
1313783760681394176,1
1359217000363532295,0
1319107554761375746,0
1319057134886264841,0
1313678900225081344,1
1317357460714409984,1
1369629804425777160,0
1314130809113268224,0
1366378916177465344,0
1146508527940382720,0
1138506395437977600,0
1350101015866077186,0
1350154990661345287,0
1369356504176996356,0
1314829530360676352,1
1314876614208106497,0
1311960948324868097,1
1314811483189112832,1
1312320875589505025,1
1366133218408361986,0
1369056412266008581,0
1321789876623343617,0
1141013590910144513,0
1318845277076361216,0
1367223393746100224,0
1317464794249621506,1
1315304817837912069,0
1311958059451846656,1
1368308882905440268,0
1314476896097308672,1
1369558006296424454,0
1368295516631666697,0
1317543825703948288,1
1369260168870043648,0
1331612724124659713,0
1313377227065757696,1
1311682544694448130,0
1368941800493375496,0
1197843675168100352,0
1364840635157647362,0
1316654167105118208,0
1316655962489487360,0
1147049698479484928,0
1315999235360411648,1
1334524106436456457,0
1228276859374309376,0
1369345000648114180,0
1370039478367191049,0
1364849753499049986,0
1316714254322597888,0
1319213852601536514,0
1315997979522797569,0
1350155203689984000,0
1312331355292921856,0
1325902851156144129,0
1314888092940226562,1
1369512698338308098,0
1314862253762588672,1
1368597823990734851,0
1341017274220736512,0
1181910235042254849,0
1316010678969266178,1
1318969590790107138,1
1367524542168629248,0
1313783111302418433,1
1368695165297254400,0
1316646191174746114,1
1337352555437961219,0
1316418142827089922,0
1317384390071242752,0
1315991031771467776,0
1315960676452626437,1
1316059797901504513,0
1319009387550265344,0
1369015076355776518,0
1314512633714937856,0
1319228723892289536,0
1316320880826425346,0
1334089387571892224,0
1317062945218695170,0
1316667090984632320,1
1317501945389764614,1
1369766738653569033,0
1369995136130768905,0
1352677400690241540,0
1363403504715448327,0
1370061090579709956,0
1359862995799711752,0
1334862581362814976,0
1311588774355382275,1
1326050128705310720,0
1311588131381153792,1
1313775394961657856,0
1364917520294154242,0
1317086290622513153,0
1313840130764034049,0
1318877842575339520,0
1315939406457573381,0
1314892560545075201,1
1144606962702856193,0
1317506119573569536,1
1314918516181663754,1
1176529923781120002,0
1317510726475538433,1
1315367809506045952,0
1319178989882253312,1
1146837844742299648,0
1368620219690868748,0
1318952347599593475,0
1314948844787060741,1
1324684306657300481,0
1316693424423264257,0
1315019958087290881,0
1317483708304207872,0
1336298707994763264,0
1316436042908655616,0
1318852081231548416,0
1319155085365182465,0
1145326899209670656,0
1315250117407059969,1
1365730869529505797,0
1368303859525894149,0
1318824480341372928,1
1369595822053154817,0
1329048038036414464,0
1368682820642758659,0
1314498361060458496,1
1314060097878986752,1
1315370539586850817,1
1342389924427870213,0
1315209472080568320,1
1315161856173109249,1
1362296318413205509,0
1369254352360267777,0
1358407769406201859,0
1231525264007614465,0
1351858367724216322,0
1317056028089909249,1
1316610232974561282,1
1146405584549416960,0
1179327698830839808,0
1156624873772507136,0
1358022537679167491,0
1319175099438825472,0
1334505373768822789,0
1316289146256850944,0
1319026672633548800,1
1362713470907596801,0
1334582472357638151,0
1182274866378149893,0
1317460918419230721,1
1335583141042544641,0
1314003704228519936,0
1369373706875703296,0
1359574572207636483,0
1318986513087082498,1
1314056094680068097,1
1142027886494388229,0
1311605631703568384,1
1364259696857804804,0
1364285180903571458,0
1313377225912221698,0
1325899380751294465,0
1365600166577922049,0
1312949643483975681,1
1143419741564018688,0
1311607872720175104,1
1147963038869442560,0
1313791549675917315,0
1314869306338017281,1
1314975033073242113,0
1316604482063663104,1
1315391665163636737,0
1368107190222024704,0
1358429719922901008,0
1314127039801286656,1
1368182412518244358,0
1201115950982074369,0
1319144301457264642,1
1361444889658085384,0
1318845989155934208,0
1364923259645485062,0
1184826870010974209,0
1317504692969218049,1
1312990125886976002,1
1318972113231990784,0
1313720713719812096,1
1317344148786192385,1
1315965670220353536,1
1315193336765046789,1
1318799727077543936,0
1318894805997522951,1
1156624191598321666,0
1316059938876260363,0
1367561356405329920,0
1314834522567999488,1
1370105839810449414,0
1338506091081191427,0
1360487388800245760,0
1311574404485263360,1
1312630181039833088,0
1317537249676816385,0
1312670803327094784,0
1314720716420513793,1
1316287776443322368,0
1185575741037129729,0
1315402027543953408,0
1315234046922743808,1
1324684278668660736,0
1137711352435417089,0
1319201216929423360,1
1145626120727007232,0
1368609685708939275,0
1315218035611926528,1
1318875986977562624,1
1318937804970336257,0
1369976430692552707,0
1360549656850288641,0
1314948464493690880,0
1318800252200247296,1
1364971244723068931,0
1365023098974650371,0
1369390959092510730,0
1315213679143669761,0
1318872302755500033,0
1313744749275369472,0
1317056882234789890,0
1315935961151426560,1
1312308122380271616,1
1314106925932580865,1
1369522501731115008,0
1315020018321678339,0
1366103095214759937,0
1316637019750174720,1
1339242123774881795,0
1312338165903093761,0
1359614732035108867,0
1316044314699497475,1
1365646769565089792,0
1366001999137939456,0
1141681947334402048,0
1319024803114852362,1
1359215426664857604,0
1366157333395570689,0
1313770663853862912,0
1139236982150881281,0
1317449504799555587,1
1319176822660136961,1
1354384124765761537,0
1315207392943104003,1
1197490598728605708,0
1146507236379942918,0
1316065552109056000,0
1315023874535419906,1
1312631971009490949,1
1317520318483804168,0
1181912496866758657,0
1313062969220235267,0
1354345683885699072,0
1318917720587587587,0
1366413852070543360,0
1367768523154546688,0
1315252858514796551,1
1358451181929050117,0
1312279896828391424,1
1314129297205080064,1
1350438232757047298,0
1315301264708849666,1
1366025143739383811,0
1368682575699542016,0
1333039249428533248,0
1361299976970764288,0
1366075774243987456,0
1368852344591572995,0
1311577629351448577,1
1368258724905771009,0
1370026738374246403,0
1318874560687722497,1
1313831535766798336,0
1315403048366354439,1
1368686910412095493,0
1334137803714727938,0
1327548097581420544,0
1317526041196363781,1
1172062272044359680,0
1367473927946174471,0
1367498558828650507,0
1317499935382736899,1
1316012988998938626,1
1313836007415074816,0
1318976079458172929,1
1359123614684090370,0
1365799335452176398,0
1314962018433105920,1
1370086123482054656,0
1359095736848293889,0
1367561886984732673,0
1317352844484292608,0
1141418605659283456,0
1314874315213504517,1
1369541276434071557,0
1317059348401672193,1
1146060154422489089,0
1369666537997615112,0
1311621500634628096,1
1359239907185750022,0
1313018864146550786,0
1316644483451228162,1
1318975582680612864,1
1314792870449217538,1
1366856623822671880,0
1368584346286850056,0
1316336424204017664,0
1367453475559374852,0
1314966101361602561,1
1368220614079709190,0
1316988393956528129,0
1369719244108296198,0
1364158633588752384,0
1316635869541998592,0
1346993414240395265,0
1306879978626338816,1
1147943576422297606,0
1159036068626386945,0
1323605317771579394,0
1319291904333205505,0
1314863958004846592,1
1313791387075309569,1
1316435292790849537,0
1369438214340149252,0
1316655169287880706,0
1143421706641522688,0
1311979456630751234,1
1315319793994530816,1
1359220159723024385,0
1370058735788376071,0
1365211768369389568,0
1368301154380230660,0
1339944969977688064,0
1364902610243903488,0
1319000288020303875,1
1358421850280366080,0
1315395527018778624,1
1368977824590217216,0
1370003981414633476,0
1325408007908364288,0
1316635545599119360,1
1197843429461499905,0
1315355179898875904,1
1317356557995212802,1
1364919975132225538,0
1369634601900126208,0
1326915121197817865,0
1318831772608696320,0
1317381490439802880,1
1316330070517190656,1
1314083287950913537,0
1146699363730755589,0
1360660807776948224,0
1368858533144518658,0
1317514947560153088,1
1314817293654855680,1
1314472685385154560,1
1316207169558188032,0
1314869032177274880,0
1369714579308224516,0
1200485047628894209,0
1315022268100235270,1
1367552713739931648,0
1369626502468415491,0
1343569049939308544,0
1313815258578984961,1
1311573236530937862,1
1370056918203531267,0
1367815324649877507,0
1316624082138521601,0
1358033122005311489,0
1138501766243344385,0
1362866220500942849,0
1369296368880263175,0
1315015624704303104,1
1313733241212416000,0
1140527022445408257,0
1368926459436339202,0
1369755622506455049,0
1318905269821313025,0
1362278842879143938,0
1365404163471982592,0
1338887896221278212,0
1369951508217860096,0
1318891376562622466,0
1315365898446921730,1
1338857643205521415,0
1349750861954772993,0
1364877436278755328,0
1315262907312209920,1
1315343366750703620,1
1362765547868479489,0
1318925410986545152,0
1315911816044785664,0
1316410859837689857,1
1367905159305691137,0
1311967377094045697,0
1312652789932331009,1
1197561331152572417,0
1369400113337167878,0
1319158115665874944,1
1370069388943048716,0
1314961648910729218,1
1314468008207712258,1
1317062775055712258,1
1316342262431965185,0
1181916183492202497,0
1138509494726594560,0
1369390527590895634,0
1317329910705360896,1
1314880384786722816,1
1319225154476670977,0
1368602646429523972,0
1317072802709671936,0
1312661771002490881,1
1314982539145162752,1
1368552557392637965,0
1313348644930826240,1
1141418080398118913,0
1313514670905593858,0
1368625452127031305,0
1315995893057949696,0
1362483700802465794,0
1365720795482382337,0
1318965413741547520,1
1314818585588621318,0
1359528988352393221,0
1316325164339130368,1
1280479160520060928,0
1230453025086550016,0
1369891118880555008,0
1311823587968462849,1
1366150416690462720,0
1312666615910199297,1
1369288070806265856,0
1324343837037383683,0
1315931701651148802,1
1366747455895851013,0
1311907171991465985,0
1350011583628455937,0
1315385178685087744,1
1355138609343590402,0
1332427500513865728,0
1313743535569543168,0
1315344949404147713,1
1366125077562068996,0
1314491618548944896,1
1311604275164913666,0
1329048034504810498,0
1365226587122257922,0
1350718992927875072,0
1364180045040922626,0
1317350042794065920,0
1315164629392187392,1
1313349836759064577,0
1317387890515640322,1
1332648520038420480,0
1369033795106668548,0
1338883959313346566,0
1316554316380082178,0
1327638241072254977,0
1314838734026702848,1
1311929123858788353,1
1368520454835683330,0
1317043787898802177,0
1315234540604911616,1
1319152491284602881,1
1368222808120168450,0
1369899811491680259,0
1317514936386572288,1
1343273910503145472,0
1369389377244258306,0
1336327471768035331,0
1311594968595787778,0
1319226100984283136,0
1315011024429502472,1
1368160570487214080,0
1316075353329238016,1
1351882922974916608,0
1321911883763429378,0
1358803490122960896,0
1197215763800772610,0
1319000314209538050,0
1317367400178876416,1
1317120258730283009,0
1317125736906559489,0
1318211781823746048,0
1314934877205286915,1
1323882966804795393,0
1319038097779314688,1
1319001897496420353,1
1368501626760232961,0
1367768122011377664,0
1351859678230306820,0
1311964923065446401,1
1313384694847856641,0
1316298277801910272,0
1313727406532964352,0
1314986967889858561,1
1201117156668329984,0
1366810782399410178,0
1313398728032768005,1
1366270503128887296,0
1314448013583097856,0
1200476950504058882,0
1317509647914467331,0
1349381936893079552,0
1318945984219697155,0
1317534031681114113,1
1139078490203021312,0
1362858008158552065,0
1311462920354705409,0
1314857458515562497,0
1319197852648820736,0
1369346647600283654,0
1315988067191226369,1
1316073399266029569,1
1314907399850000392,0
1368170445757906948,0
1366405336836411398,0
1366789104000786433,0
1369950401827594242,0
1177167175456632832,0
1319033779361665024,1
1311957177872142336,1
1316679975639154688,0
1315272933753982977,0
1370004366850199557,0
1313343957586321409,1
1311627183895523328,0
1312321383549075456,0
1317092383088148480,1
1311602296170651648,0
1314802356324794368,0
1317798999731077120,0
1369563489799376898,0
1316632080873381888,0
1335963534753210370,0
1313392454549340160,1
1313767348512448512,1
1314499662695608320,1
1315293157228249091,1
1314388543758839809,1
1329114486280687616,0
1328287580111187969,0
1344687245287170049,0
1370091052015697931,0
1318969460934443008,0
1317389871976226818,1
1314892210043846660,1
1359899751160967171,0
1318877116457537546,1
1316061724185853952,1
1318828307517931521,1
1323603810640633858,0
1369620710956691458,0
1366732187295485953,0
1318920595980095489,0
1366661150834843649,0
1315253663850532864,0
1313370791392800770,1
1358803490122960896,0
1316413878079762432,1
1145959494574366721,0
1137996283334004737,0
1315217221866713089,0
1315227572641443841,1
1336274249842089984,0
1139231480561983488,0
1362816614006218754,0
1318928887255019521,1
1314853302513827840,0
1139076516569108480,0
1318999369849458689,1
1369344243588886533,0
1313392461763485697,1
1313800947865354241,0
1184810848021340160,0
1369730506879827974,0
1316318671724216321,1
1369627815759523840,0
1317129731460993024,1
1314355538659028992,0
1369730255691321346,0
1314519453531541504,1
1350744942998597633,0
1369232344658440195,0
1369766325757898754,0
1311962270591787010,0
1315001283242266624,1
1315205095978663936,0
1369267827698528256,0
1314501354958786560,1
1317411511380398081,1
1369748556794499072,0
1314434647267454982,0
1370061090579709956,0
1369889774362824705,0
1319009921506119680,0
1366811933249327110,0
1311976212533739521,0
1317453652601327626,0
1368183131459715075,0
1351732233401466883,0
1317488756551749634,1
1319237570052657153,1
1305857056801423361,1
1317452497208938496,0
1324704368399142913,0
1315295230523060225,0
1314804679616929792,1
1317519252346310656,0
1335220488776404995,0
1368611238595465219,0
1311929397742579714,0
1369951174510673924,0
1316637396428107776,1
1317165244934967297,1
1316023215194402816,0
1369340431251685379,0
1314960049148760066,0
1369697336318959616,0
1365290479936548865,0
1364670573213855747,0
1350154633583489030,0
1316717608654299136,0
1316696530955522060,1
1368824346878312452,0
1311840034245541888,0
1314893832723591168,1
1369631253096505346,0
1317121694746673154,0
1366306553398198277,0
1368165047319605248,0
1353434143846182912,0
1144169878863187968,0
1311567602100117504,1
1314062415735197697,1
1368648558245781508,0
1316017936738336768,1
1365404633284419584,0
1313764542187548673,1
1316309309425418240,1
1368336366451503109,0
1317126320162246662,0
1315004403615760394,1
1351633477809135624,0
1312305834827882496,1
1318815885054849024,1
1344687242623778817,0
1317037760042205189,0
1139085533420904448,0
1365716547713523717,0
1369646672175894528,0
1319003578669944833,0
1370099282850746370,0
1314833505361289216,1
1227249285361815552,0
1368619942216691712,0
1368993463740555267,0
1311642726149042181,0
1148190076851097600,0
1331283479540215809,0
1316313247520260096,1
1368926837263450115,0
1316411890155900928,0
1313781238063341569,0
1313107529631662080,0
1313029084948172800,0
1370049946460815364,0
1369073933488644096,0
1358397609921175553,0
1188088989636595713,0
1319216138316881920,0
1314851959950671872,1
1350695481773588480,0
1362025017618399232,0
1311889309218361344,1
1317444620096278532,1
1370029396766171136,0
1313018494552887298,0
1334146626294853636,0
1335963531078930433,0
1369361336719843328,0
1351732233401466883,0
1143233163919089664,0
1323034042795700227,0
1369311977386958848,0
1358211878850281474,0
1314467993406013441,0
1315262098469982214,1
1316398709580627968,1
1313721280328339457,1
1369273930972794880,0
1350050206713327616,0
1314863633302777856,1
1317360036893609984,0
1318886948019277824,0
1315402376153624576,1
1231527309993226240,0
1342036380088725505,0
1323205320399872000,0
1368703311931727874,0
1313408713269669888,0
1316362663123976192,0
1311604497811222535,1
1368659926571171845,0
1317314263573319681,0
1314127424897064961,1
1172171110902915073,0
1368652082803339280,0
1345071961341362177,0
1315385630843703301,0
1315329229391880193,0
1311553344264122368,1
1143432388585897984,0
1315275453733666817,1
1338883960571645952,0
1311603757071949826,0
1313332128269193216,1
1312966931847278592,1
1365407830107389955,0
1315985761284620289,1
1368675495202725901,0
1319192034691997696,1
1345299445819256832,0
1316624858604867584,0
1312913533307363328,1
1315298149435670528,0
1318898599716114433,0
1314483631847600128,0
1366449403742089217,0
1368934499350937601,0
1369338160942116872,0
1314116039098146819,1
1361734080413523977,0
1331620811258662919,0
1334549423708364800,0
1316313428563288065,0
1370054396135014408,0
1314975709832585217,0
1317535117238292482,0
1314444462265978880,0
1369291039677235202,0
1319226077164806146,0
1368688562095484932,0
1344687243949182976,0
1312975494296502272,1
1367757118523195401,0
1313769423111688192,1
1311552155162116096,0
1318914782964142081,0
1368992204807680008,0
1316002828725485568,1
1326828959489810432,0
1311629509653860352,0
1369425502969159683,0
1365607545214238724,0
1369332435477991433,0
1369334308461219843,0
1138511983421153282,0
1313755696098406401,0
1366124155859574793,0
1313755448756011009,1
1228272505720393732,0
1319237174634708992,1
1368629127264280580,0
1369911685314719747,0
1314132037255729153,0
1313761912237240320,1
1201087305454411777,0
1315937931954135043,1
1324684298742648834,0
1369400108463370242,0
1329410015271268355,0
1319631553220300801,0
1314126602306019330,0
1319210498190094336,0
1369951267469078528,0
1319028720317988864,0
1368917367431036931,0
1311634238857412608,1
1318814313428168704,1
1369971149854150660,0
1369721237723897856,0
1314068239333363712,0
1359830110925381633,0
1142810098634547200,0
1368688011152658435,0
1359554336343420933,0
1314818299117613056,1
1368465471545237506,0
1314906377945583621,1
1317499049445101569,1
1314262405199867905,0
1369077214432681986,0
1366084062193070082,0
1317464394213826560,1
1367193590242410497,0
1314891859630710786,1
1313007142471860224,0
1313026661764472834,0
1368885916517990401,0
1359474062725177347,0
1367572751758864385,0
1368949985430155268,0
1146867177418579969,0
1318873152617930752,1
1366450052974202882,0
1314827931647123457,1
1370087340937523205,0
1368677815718211587,0
1368916698116587523,0
1326172764122869760,0
1362020009627779072,0
1369348369777360899,0
1316907010798006272,0
1369031748068245505,0
1366815272435351560,0
1350101015866077186,0
1314995003308101632,0
1314789918661636097,1
1369723180089155585,0
1333410488026345472,0
1336327145694457857,0
1369245080171786241,0
1363892087993827329,0
1316421258133856258,0
1316608753651855361,0
1318936334677966848,0
1315202355525300225,1
1317081127484592129,1
1313338993950560262,1
1317417468588154881,0
1312565371027808257,0
1368667272915587078,0
1316447219520864256,0
1368112842445033475,0
1312293807833128961,0
1368517571150942208,0
1314440125380734976,0
1143851220685283329,0
1314966132512772096,1
1370003983356604416,0
1367656016616251396,0
1138828965265756160,0
1368661954152312832,0
1314718489559564288,0
1311574308297281536,1
1316074732769353728,1
1314479590765625344,0
1366077820976439299,0
1369546096104660995,0
1317330524365619202,0
1314895662828466178,1
1313397066245210112,0
1323603473238208512,0
1367815327132835846,0
1317402204651794432,0
1369353136213786650,0
1369429958725140490,0
1311637656959418368,0
1351860739313688576,0
1370072259751206912,0
1367941801563291649,0
1369942094685540352,0
1318951845453287425,0
1318996650023682048,0
1368683016357285891,0
1316436872827154433,1
1334144654074400772,0
1201122633045204994,0
1316258769597272064,0
1311644751045840902,1
1315889310919462912,0
1367858224964177933,0
1318946267477790721,1
1174005695605329923,0
1368343968988160009,0
1326074571074793473,0
1315292820597547008,0
1365431930980818953,0
1311541584794726400,1
1311544717927157760,1
1315293401261146112,1
1318929805560172547,0
1315436514847920129,1
1353289993473695744,0
1324382808958210049,0
1270778961409323009,0
1315371040994988032,1
1309776629145759745,0
1366408185154842628,0
1369613964435394560,0
1313837299948572672,1
1339221024219525121,0
1328340137458143233,0
1157950395160903682,0
1316060601467236352,1
1314859317825359872,1
1311574886368845824,1
1311634922990374913,0
1359854575017209858,0
1317476554079948800,0
1369417439109410826,0
1339490228302729216,0
1330840563264983040,0
1316417049036566528,0
1362834949989097476,0
1316375609212309504,0
1146697905291632640,0
1314455284396576770,1
1311974079033991169,1
1359276570117099521,0
1313022898135805953,0
1311964315298271232,1
1369280652928024578,0
1315243968716734465,0
1369622044267188224,0
1314088648111988736,0
1369950405589893120,0
1185570736414646272,0
1313031361138233344,1
1318949569993068548,0
1316072251909976072,0
1356684077689102337,0
1364697565116174338,0
1317472446950350849,1
1317427508355207168,1
1326915852537622531,0
1314888479986380801,0
1314969407500750848,1
1369588671985369090,0
1313384196375707648,0
1369643789493694466,0
1311510249908637696,1
1315195085022097408,1
1318828461625139200,0
1319193091950153728,0
1336222165222481925,0
1334554106279686148,0
1311963556708061185,1
1368599980794085376,0
1359068154262130689,0
1312633445919657984,1
1314871631173627904,0
1316330095787864065,1
1319118555607146496,0
1315399322197004288,1
1314894015549054977,1
1366383737961914369,0
1147029002743365633,0
1331958374167097344,0
1370069388943048716,0
1369297975130943498,0
1146859795544252416,0
1314105381413621761,0
1324668576255586304,0
1369064690823933952,0
1318911608001802241,0
1367915550278574084,0
1316269980225335297,0
1314892492492472321,0
1312262696713191424,0
1362152907186003977,0
1311973237895634944,1
1341019926526631938,0
1369639514218655747,0
1363450629834825733,0
1337344314628857856,0
1317053569762295814,0
1364917128747503618,0
1358406821468377091,0
1368091170258235392,0
1313763222890131462,1
1312992066272669697,0
1317460479552389120,0
1366768145499906056,0
1312285497423732742,1
1311975587213389824,1
1157952058613477376,0
1317447879133417472,1
1312281698864857089,1
1368516276302319619,0
1369647511074451457,0
1319207267632336896,0
1318948178864070656,0
1313787700760244224,1
1313010021282840576,1
1315391832390598657,1
1316049740145008640,1
1318975387322515457,0
1369385140431052803,0
1314988730948694017,0
1315943174620295169,1
1351466432131960834,0
1369212740137586690,0
1361980475087159303,0
1350106518415421442,0
1313340550683205632,1
1317522821334040577,1
1315883285596254208,1
1316973063846711297,1
1316624544828973057,0
1314887219866292224,0
1314106567437045760,0
1357636069131513863,0
1369399568841011203,0
1350064138664476680,0
1315429186421559300,0
1317099068787752960,1
1370053833418801155,0
1368492955976273922,0
1314951265001058307,0
1316702330868432896,0
1316997715277025280,0
1368883167306846211,0
1317155172976611330,0
1317384845874651136,0
1350845977851269120,0
1312666321868517376,1
1314457307061858304,0
1317460759299919872,0
1314880483159875584,0
1364905678066884614,0
1369018018479546368,0
1367933235515301893,0
1312992087898546176,1
1317536294847848449,1
1138507610221621248,0
1364513965947125760,0
1317469729922179073,1
1182210105858822145,0
1313818866129215490,0
1317045337102733314,0
1365670577307058177,0
1329134015585120258,0
1368600777367953411,0
1366000262201098242,0
1314990007086731264,0
1311976129125912576,1
1313388590194401281,0
1368654088427233284,0
1368991677185200137,0
1317419817897545730,1
1350718992927875072,0
1370052305932988417,0
1325408018893316101,0
1362463004466552836,0
1368482046973276161,0
1315890910949978112,1
1313317231485431809,1
1314959493571149828,1
1361386605102178308,0
1370017058809872397,0
1277639457294954498,0
1314950274100932608,1
1314988864583479298,1
1200486834125647877,0
1314513663202594816,1
1317129108405604352,0
1369370317064437765,0
1316065058414362626,1
1319150572679925760,0
1313827219173715968,1
1368484952300523521,0
1311592866871943168,1
1358109606392848384,0
1313745043392475136,0
1314106278319398913,0
1369227096942346252,0
1311965793140330497,0
1314906642358693890,1
1315139304860024835,0
1317428380673998848,0
1369711103517855744,0
1370009695470096384,0
1312696680014323712,0
1316380618985541632,0
1315411421061091328,0
1311644851008614410,0
1344244701860417536,0
1315354443320299528,0
1361448783880536069,0
1355593734008807430,0
1315185972850679809,0
1313652055698006022,0
1314851398006251520,0
1319006542134468609,1
1327318427451658240,0
1145761120344510464,0
1366321419454414849,0
1326833301705777155,0
1319208802672050187,0
1312332232770625536,0
1311619974902042624,1
1316017491173240836,1
1317530096165683201,1
1313375530780106752,1
1312316967387385856,1
1369347153651466243,0
1314811397629505536,0
1365955861332578309,0
1143940070715662336,0
1328340136250269696,0
1370015715227500544,0
1200490414375145474,0
1328340132450152448,0
1316421797714288642,1
1314383171857920006,0
1315224466364932097,0
1369587799595356162,0
1351892417650307075,0
1321385009530441729,0
1317116109078790147,0
1317384113452699648,1
1368585039403966470,0
1313773755068547072,1
1317386744552095744,1
1350105933851013120,0
1369273607659139075,0
1183872150576472066,0
1144310580708302848,0
1326866441128341506,0
1314499435070738432,0
1318989210259496962,0
1313709416160661506,0
1343116219654803458,0
1350438232757047298,0
1321739344235929600,0
1181938800827801600,0
1313056842474500104,1
1360660807776948224,0
1152148591722545152,0
1356154526915551232,0
1368911998034018309,0
1317489310665445376,1
1318841670272716801,0
1315363237601464326,0
1369636487957012481,0
1341401625345323011,0
1334559400481140743,0
1317407618822963200,1
1313059087194763272,1
1366727735989698562,0
1318946776108437504,0
1368169233734119427,0
1368905690899771393,0
1337345181809594372,0
1341416177218834432,0
1368528773818245121,0
1313840313706991618,1
1314134193442623489,1
1318893396921143296,0
1311639821471883265,1
1369398098955546624,0
1319217577860734976,1
1314850007871299585,0
1317062108815761408,0
1182699892600385538,0
1342182062678224899,0
1316732159932194818,1
1317103947954507776,0
1316277476079874048,1
1316731465565179904,0
1369268308353179656,0
1368650024205352970,0
1312257876203917312,0
1366094197158207492,0
1369957127251460096,0
1316334253618221056,1
1311609453679120386,1
1312332406511239168,0
1317049666484260864,0
1315262675715325953,1
1144170546076311552,0
1328340133737803776,0
1336299195553214466,0
1316291621261115393,0
1314986279935844358,1
1311930221831098372,1
1317333842282369024,1
1138505393905315843,0
1315938553185042432,1
1317369482340347905,1
1368651968223322115,0
1368701989668978696,0
1346993414240395265,0
1315029058820943872,0
1350187076310999040,0
1318992158955868163,0
1350073572425945088,0
1335953696421777409,0
1370037167293087752,0
1311561259402375173,1
1139803174045249537,0
1368641787653361664,0
1317352946372366336,0
1350765752173940737,0
1315272149192577026,1
1337349962875756544,0
1314975443393687553,0
1359862995799711752,0
1317353120645713920,1
1314954570829910016,1
1316179305790156800,0
1314953068358905857,1
1231525880222056448,0
1313803006660444161,1
1216360703466053634,0
1327959683135664129,0
1313794814551437314,0
1313704170151645186,1
1332365210418630656,0
1317048150436286465,0
1313736225258459136,0
1312663202103283712,1
1368630255217434628,0
1355138609343590402,0
1319237563916451840,0
1350441133600616451,0
1364848814629208064,0
1369983637064650752,0
1317482224464396288,0
1364875614415634434,0
1315915850956800005,0
1317365051167264768,1
1342389922024607744,0
1314858360416673793,0
1363447592403746818,0
1147051896147972096,0
1254332950759591937,0
1369686895224094720,0
1362815423285239817,0
1314976060392517633,0
1316705956626079750,0
1312967856028553218,1
1318870387183288320,0
1316331306482008071,1
1316429149095985153,1
1143960032591171587,0
1369718527226245123,0
1312294521506496512,1
1350132635318824960,0
1314122741801512960,1
1316034348492238848,1
1311870817890951168,1
1317516896430968834,0
1144279836577488896,0
1313826079761719299,0
1200873643917623297,0
1369299525479895042,0
1313393607139897344,1
1368915088330158083,0
1367784977845325825,0
1314498422431457281,1
1370074319901052929,0
1201120607854891009,0
1146861852787429377,0
1142031862048677889,0
1365210782624006144,0
1315951499722346496,0
1340258320419008512,0
1355452932645388288,0
1319892217801199616,0
1314137262360272897,1
1348273895384743940,0
1359076718561136640,0
1316929158178607107,1
1366076638967046150,0
1314992095480999936,1
1324708328463863813,0
1316991279956361216,1
1326229860881223692,0
1351858370295328769,0
1314983449044889600,1
1359865534586699778,0
1313314362044616705,1
1365581325323886592,0
1317525857297158148,1
1368565995489615874,0
1315029273892315136,0
1313028698531155968,1
1358704269550116864,0
1358109606392848384,0
1312658839465005056,1
1312287050666856448,0
1315275166344192002,1
1320273512066666497,0
1313801572460171265,0
1369998232093351940,0
1327519522610360322,0
1313751333753835522,0
1368935999015895044,0
1317173446133112836,0
1314858647961456640,1
1317546151147655170,1
1197815440111747074,0
1369998606653136897,0
1369993955463561219,0
1324688005748133888,0
1367009641465585666,0
1350042233051832323,0
1318966915134521346,1
1310629424950321159,0
1367937751946059783,0
1141613971235061761,0
1315348445402664964,1
1314863729427832834,1
1314440211703779329,0
1366789959806517249,0
1317518481374482434,0
1317043044416409601,1
1317419311938572291,1
1315025207288004614,0
1319177059470626816,1
1364594231877189635,0
1147051290364645376,0
1314148006271295488,0
1316715148841803777,1
1331612922079014912,0
1369365591866433537,0
1314147349976027136,1
1313792274405490690,1
1334560590761779200,0
1313022121434644480,0
1369358074167885825,0
1312923444942721024,0
1315200044614770694,1
1313413078848016384,1
1316054011720749058,1
1316037491758161923,0
1318713655379283968,1
1314803599986298880,1
1317380920769433601,0
1315104837906968577,0
1314920800433078273,1
1316030053315227652,0
1317106354218274816,0
1314460441062641664,0
1315923810072301573,0
1311519980865941505,1
1366727329251262465,0
1326825109009686528,0
1311951912812584960,1
1317049997154811905,0
1311599074936786946,0
1365011874434207744,0
1311606695030915073,1
1314118213844848640,1
1314990383580016641,1
1256558477918552065,0
1315352000159244288,0
1325901149141131270,0
1317412336152576001,1
1369632154766938113,0
1313837360803700736,0
1317473073470316544,1
1363184365723860998,0
1314974300483596288,1
1146857543148457984,0
1314908855751643136,1
1344973631961624576,0
1358804479152443397,0
1313792746373734401,0
1350105334577328131,0
1311648646509875200,1
1317447569816100864,1
1331281991308865538,0
1326490416322064384,0
1369634845794648066,0
1368925979427627008,0
1316385746119471111,0
1314122406978613248,0
1365945797456625664,0
1312242910428041217,1
1350021296785158145,0
1314956622381412358,1
1368307152448860163,0
1343877558241288192,0
1317277617121361922,1
1311530402838913025,0
1366929525792268291,0
1317335758936694784,1
1315301313526272001,0
1368518069534998532,0
1315936482104926208,0
1220749907537121281,0
1313402652882022400,0
1366833663695011841,0
1368660609416507404,0
1223262487648272385,0
1362001065378512899,0
1337751666871980043,0
1364629419281760267,0
1316077165440577541,0
1314477267628810240,0
1316056053382086656,1
1316281342850732034,0
1343517201500938240,0
1147048530223280128,0
1367761486903451648,0
1316943375522811905,0
1364151132415791104,0
1342777717452910592,0
1368629217735413765,0
1311623953442578434,0
1369766740805226510,0
1331288216884932608,0
1334550040409501696,0
1311024534301138945,1
1313410359647178752,0
1316303286077730817,0
1319227366678401024,1
1315222281317085188,0
1316046501056049155,0
1350050206713327616,0
1141412717485596672,0
1316662752618975237,0
1314080101324263424,1
1314924069851205632,1
1357664733315399683,0
1359939274133667846,0
1358326484985925632,0
1369741796004204545,0
1314989606039891975,1
1313378192779079681,0
1314404943076503555,0
1311565242825138176,1
1368871416972599297,0
1315268207159193600,1
1200483476673302529,0
1370011104160714759,0
1359277843608440834,0
1311595762346795008,0
1368166516080918530,0
1315944495603757056,1
1368872527578210305,0
1369322665312481281,0
1314999252012142592,1
1318791666581573632,0
1335629404358193154,0
1318847979030269952,1
1319009730287861761,0
1368278409646927874,0
1316362195995889664,1
1145015341887528960,0
1311585068809367552,0
1345190405021831168,0
1369011316220952582,0
1316338783256801281,0
1317449157628538881,1
1231503806371856384,0
1369543813644029953,0
1315979702025191425,1
1317028310434668545,0
1370008112304906241,0
1319029057397424128,1
1317087147829100544,0
1331595258950512646,0
1362651467782516738,0
1313814077962153989,0
1313695776393097216,0
1311881317496356864,1
1369367642524561411,0
1319212517332295682,1
1359603549764788226,0
1314942526210670594,1
1314835065034223616,0
1365339220529807363,0
1314838776410238979,1
1139803643346132992,0
1322486322230079490,0
1369318197376213010,0
1311612411728797699,0
1312306480104837121,1
1368661355268608008,0
1312994511023464448,1
1350191891179048960,0
1365386267651899401,0
1368570421507981313,0
1197815122359717888,0
1311574493199032321,1
1365405015045779464,0
1315325678737391622,1
1317037947133349888,0
1317269591123427329,0
1342182062678224899,0
1370010078154260484,0
1317076799843667969,0
1358388836187930626,0
1312325815607189504,0
1314961912904458242,1
1369999375041187841,0
1368989491365613569,0
1317491960807084033,1
1317458605860323328,1
1316393966179414017,0
1314905411649245185,0
1313324179287085057,1
1311610138026029057,0
1315319522409275393,1
1314775970600148994,1
1313816433126711297,0
1369461430357999617,0
1369332391144288263,0
1312246627919450112,1
1311540328491626502,1
1369370279693148164,0
1143383426181021697,0
1314882274513637378,1
1228277929030946816,0
1313752854121848832,1
1139804239469981696,0
1317536844003840000,1
1314474278818119680,0
1315274702999433216,1
1314884777774907393,1
1312970167450832896,1
1324708321484484616,0
1317487412352831488,0
1344572570692177921,0
1318950979522433028,1
1316642526795902977,1
1334147177837449218,0
1228275179085692929,0
1313775214011047938,0
1367221730587140097,0
1366728279009460224,0
1369367744165130243,0
1318961601253462017,0
1317421217540902914,0
1329134021784301571,0
1317469481032175617,0
1368629755982077963,0
1338883961846714371,0
1146348129291309056,0
1370073451218735106,0
1313711814371405825,1
1311611079794069504,0
1313691163170402304,0
1312658619071107072,1
1366810779585044485,0
1342092502732574720,0
1311638753514057729,1
1318983327219679232,1
1351644522237849600,0
1311642251978780673,0
1312992624576540672,1
1367892029217325057,0
1314914391922561025,0
1366728448585179143,0
1317103730781806592,0
1369733794580824075,0
1364851280624115713,0
1316307560761262084,0
1367497265280122888,0
1314808645104873472,1
1318831877436866560,1
1200495042688884742,0
1350064138664476680,0
1317354867426496514,1
1316052964834934784,1
1316984360403390464,0
1359215950231441410,0
1315215049326235658,0
1317456613918334976,1
1337002136736063488,0
1368532058063126529,0
1316708550895374337,0
1358112045133103105,0
1314797303073513473,1
1319239569657745410,1
1315229539534958592,1
1368903308576952320,0
1365378802210246658,0
1353341249084915712,0
1316395445229359106,0
1350044622995783680,0
1317491911729479680,1
1313727766823686145,1
1313353143699337216,1
1338883957954387968,0
1316607025992916992,1
1368683917113516035,0
1368527834923364354,0
1313361592118128640,0
1317042737053683712,1
1366383737961914369,0
1341017276968038400,0
1313824674086883328,0
1316060316417974272,1
1313400612269170688,0
1315330306312933376,0
1319198731993030662,1
1350154633583489030,0
1366075384727547911,0
1313791575164674048,0
1368629781793824775,0
1369288070806265856,0
1338506087432138757,0
1315196070054559744,1
1142442741701459968,0
1365720093817241602,0
1362740021216899073,0
1334832762252111873,0
1369927806918987776,0
1315031808178892802,0
1317358741210226688,1
1363145676104859648,0
1370053649850859528,0
1314988055296647168,1
1146702465502519300,0
1231528894337081345,0
1319197199260143616,0
1318959993421500417,0
1313796614914539520,1
1351860741637353474,0
1311394266275512320,0
1315853744781828100,0
1364920628453773314,0
1334505377409458178,0
1314477748577087488,0
1183848284219154433,0
1317352019456262144,1
1363871722571759616,0
1317485641064697856,0
1313360279397453824,0
1313815738017361922,1
1315833864015753216,1
1314910738625048581,1
1312318735974268928,0
1312650550664552448,0
1314786958107959296,1
1311965805492539393,0
1349341858799955968,0
1181919759534825472,0
1311582905974521857,0
1365652433754611718,0
1315989560753561601,1
1347249917337677825,0
1316086135672709120,0
1368289585000775685,0
1148169746690580480,0
1315914625716715526,1
1146854109162672130,0
1317497763223961603,0
1317123873717047298,0
1368632745853870082,0
1315905072811986944,1
1347249917337677825,0
1368833261275865088,0
1314476053549678597,0
1365590153717305344,0
1143964734221357056,0
1350695481773588480,0
1313050513139814401,0
1147163417406558209,0
1367583674842103810,0
1316651584328065024,1
1315303791261110274,1
1368932967876337668,0
1369690869306163203,0
1318908751601127434,0
1369978604642242565,0
1319169680259559424,1
1359862152216129538,0
1317543555657814016,1
1322090524858351616,0
1315239723942600704,1
1365939956682813442,0
1314914995310919681,1
1369640613746991109,0
1368884201232154627,0
1368625889626488840,0
1315943382372544514,1
1316330206542561280,0
1316312178320957445,1
1318965268241145863,0
1368549501389201410,0
1319224270321496065,0
1370008236053700613,0
1318095471647350784,0
1313774138998259714,0
1342092502732574720,0
1149690490025066496,0
1319055837873274880,1
1317433641157484545,0
1311589650591514624,1
1345144036122914824,0
1318979303263162368,1
1317446373650976775,1
1367886268214951939,0
1313791132271341576,0
1312245989126930432,0
1317001749664878593,1
1315948611361013762,1
1317537215237386240,1
1365195988865081345,0
1352677403248775168,0
1315565541713760257,0
1142038659899805699,0
1314822143125880832,0
1317107509971267585,0
1358415846662692866,0
1137658650720387072,0
1369206444231393285,0
1315401670923358210,0
1317158319921004545,0
1315247956124151808,1
1367194117831294977,0
1152147679616671744,0
1341021709084864513,0
1369748750529363972,0
1350765752173940737,0
1313993349288861697,1
1369995133517766664,0
1197263058185457667,0
1369599719060684800,0
1366097645274554372,0
1315047211689013248,0
1313380711815147525,0
1318808619132080130,1
1340932218336780288,0
1365333322860273667,0
1185577514032349184,0
1317498692304338944,1
1314127121946730497,0
1231529127787868160,0
1325408021015638016,0
1313414170633797633,1
1315869873751429120,0
1369329256535367685,0
1369296368880263175,0
1367241040177074180,0
1312969378917486593,1
1313851305371275264,0
1314128336285765632,0
1312621764938289153,1
1369894358653280256,0
1318903169301307393,1
1366810783791935491,0
1357267976450367489,0
1315210620627812353,0
1364920356352491522,0
1314122334048063488,1
1317535108367306753,1
1316351063935590400,1
1146024412426248192,0
1316986703580717056,1
1314879554700312576,1
1314877917906833410,0
1369720150157561859,0
1311966906593751041,1
1369032582365642753,0
1314512038257926146,0
1319019211453353990,0
1370097905776857091,0
1316258270563237888,1
1350087854538567681,0
1314021927258906624,1
1351882922974916608,0
1369424113434046466,0
1311237322336350209,0
1365999463890845698,0
1316011468173668352,0
1312317268278165504,0
1313805275447648257,1
1368598460006625286,0
1369258917461688320,0
1317452787077287936,1
1317425196454891520,1
1314877137036468224,0
1334150344956399619,0
1358385879740522496,0
1317434463488532481,0
1314470451624710144,0
1317044675539251200,0
1313767255105310722,0
1325706675534360578,0
1368654823608832000,0
1157614952439590913,0
1369637178624647174,0
1147181097568079872,0
1317137593528627200,1
1311641362480222209,1
1368595759080353795,0
1369555824830451712,0
1311579549596086278,1
1363021127719780352,0
1314888795381170178,1
1317371300025958400,1
1315154643631173632,0
1319008064532549632,1
1315035964188823553,0
1316014572998803458,1
1313683274036916225,1
1352771673825701888,0
1364868673706614787,0
1319209753936039936,0
1363194113449992197,0
1368614205746733068,0
1316023472783388675,0
1364911545239625729,0
1311611771116048386,1
1317534483080499205,0
1354763654839869450,0
1311511174236827651,1
1368812766539186178,0
1147962875023122432,0
1350695624757403650,0
1361986806380691461,0
1335953960239296513,0
1367940966636748800,0
1368176311106146311,0
1314998312769122305,1
1311635736320446464,1
1316064841333985282,0
1311632798411894784,1
1316643838484795392,0
1368858275047964677,0
1200470673333932033,0
1313054760120061952,0
1368994028507832331,0
1368843427224420352,0
1318909857269952513,1
1364993832769699843,0
1317051745281937408,0
1368522347452456967,0
1313725470547087362,0
1318846675352539136,0
1360581781305651202,0
1313725219576729600,0
1328651054351867905,0
1316045888163393536,0
1323567606780088320,0
1317435285517512705,0
1318915681841270786,0
1313055251063279622,0
1312277158535061505,1
1367863365729665025,0
1313791554977509381,0
1333391037008580611,0
1315204890319294464,0
1311585287949242368,0
1319223829336608769,0
1351838032870182912,0
1314818025376436226,0
1311634760381485056,0
1345190405021831168,0
1200499758642716672,0
1197843024669237248,0
1350011583628455937,0
1368639132868698112,0
1369022977472364553,0
1313382696081657857,1
1351466432131960834,0
1346075889667342336,0
1311602877039865858,1
1318998458209099777,0
1367754520785268744,0
1368679258516815876,0
1318962304944381955,0
1369050802761981957,0
1315000754525163521,0
1368863920878981122,0
1326196736386330627,0
1366815273848832000,0
1317056686063046656,0
1316060237116383234,0
1367973019440799744,0
1317433958037131264,1
1311614988461707265,1
1316030201076363264,0
1313020042594967552,0
1368480218541854721,0
1317338010501996549,1
1370032046639288321,0
1311584112583626752,0
1317392601495031809,0
1314981961715384328,1
1324073162817064965,0
1311575754401091584,1
1313384955016343553,0
1315365759552573440,0
1313784982222114817,0
1317506616879611905,1
1367497264059609098,0
1368978440184078336,0
1316409069796757504,1
1367590425482063873,0
1143963344631676930,0
1318973706169913344,0
1316352129490092033,1
1319026382945517572,1
1361714711306321922,0
1317089504927404033,1
1367570755828011008,0
1365789482532941827,0
1315974118622322688,0
1365670041526632448,0
1316421713857568769,1
1311637149691916290,1
1314510018209894402,1
1319064711539904512,1
1359474063824019457,0
1319224980618551297,0
1369340753198145545,0
1318867060286423043,0
1351633477809135624,0
1366820286251827200,0
1363086422996099075,0
1338883956553478145,0
1314989728333209602,0
1336298701975904257,0
1324684291457142784,0
1314877707180822528,1
1366810780964966402,0
1369347375421079556,0
1313777091599642624,1
1369993962262515715,0
1316362115310071809,0
1368590771671203885,0
1369294999419056130,0
1314997297940492289,1
1359275270629376006,0
1317447534231588865,0
1318861321421586432,1
1318773540561342464,0
1367841862179028996,0
1318835079355969536,1
1324343838203432960,0
1367462151087087621,0
1311619319143464961,0
1315213734546214912,1
1358859036003868674,0
1312030977305317376,0
1313833780180811776,1
1368477569230770183,0
1311610993571770369,0
1318786188686299137,1
1314926153535229954,1
1319223839763664896,0
1319213058720468994,0
1325898940043112450,0
1315368066394529793,0
1315194108345028608,1
1315003323276300290,1
1365268224821112835,0
1317385254324285441,1
1201118945912205312,0
1316723604525125633,1
1316335434138619904,0
1313734674779340806,1
1145589288316395526,0
1342092701169283072,0
1367758804574736385,0
1368450259094016002,0
1350105334577328131,0
1369692917196001281,0
1316279487202549760,1
1312954603026214914,1
1314934074251902977,1
1316648764862537734,0
1368656508377051137,0
1311573577121099776,1
1362641242044137474,0
1320417817343176710,0
1316279358919712769,1
1368199438339039240,0
1357634189936492544,0
1313402768619696130,1
1367449568007368707,0
1366003556831154176,0
1325075238112137217,0
1366486105743388676,0
1141359386893402113,0
1314823610578751489,1
1317524373121753095,1
1355270458330013697,0
1314904465733038081,1
1318881769542791168,0
1316289861566029824,1
1324708322633748480,0
1365242865773932547,0
1312631492510613504,1
1324989001753833472,0
1144248894022475780,0
1369993952506613762,0
1368652829607493637,0
1316694024472981504,0
1311835545354543104,1
1311931951658471424,1
1318897639455412228,0
1369732822953517060,0
1315179462682710021,1
1369715315114967045,0
1314074328460296192,1
1368992967105650688,0
1314997322787545089,0
1368098914390454273,0
1335227562755231744,0
1370053442903871488,0
1317468158370918402,0
1368596013095809025,0
1368617136046956544,0
1362743406481580035,0
1317074245906780160,0
1367888512364802063,0
1317444784517271555,1
1369693163120627719,0
1316063194721460224,0
1313392779918221312,1
1185510890642268160,0
1351860752378949634,0
1369073933488644096,0
1368602780064169990,0
1315431478499643393,0
1359558029100929030,0
1365371106614468612,0
1369385427589865477,0
1315300429866184704,0
1314894290074693637,1
1319219352412033025,1
1312979512901218306,1
1369681376518303750,0
1314914919675039749,1
1315362472761741313,0
1315925629611773953,0
1313361793616678913,0
1351950903302098945,0
1317136200310861826,0
1318793169325219840,1
1316301962581872640,0
1317480408494280706,0
1369453673760366593,0
1317804232511279106,0
1341019929408122881,0
1369971382914797571,0
1311558766094094338,0
1345071961341362177,0
1315371276861612032,1
1314879290056507393,1
1314992415762190336,0
1139082072587415552,0
1143952555283767296,0
1368676468633567232,0
1314836433404923904,1
1350132635318824960,0
1337293755733434370,0
1314478212253179904,1
1368917192276905985,0
1366477656217296902,0
1317167474618568704,1
1316278387464458241,1
1200500997631758336,0
1317071998917509121,1
1314857101567680513,1
1316988446402117632,1
1324673112974233601,0
1314474786848792578,1
1313827245300084737,1
1365750582741504000,0
1314961517087985664,1
1317464448593002496,1
1317137242817744900,0
1238128711280574464,0
1359216389899362307,0
1313688390840221698,1
1359865325643304963,0
1313022870109466624,0
1318833893059997696,1
1315937569725530113,0
1315007441181044738,1
1317305530935894016,1
1316966991341756422,1
1369430402146897922,0
1365367731541979138,0
1318476729971855361,0
1369382302233604099,0
1316633957686038528,0
1317110479022600197,1
1366377477657022468,0
1362521391455731718,0
1185572411074318336,0
1367194112890458118,0
1316318259281629186,1
1317476737610108929,0
1358806704549462017,0
1319067379494682626,0
1370109019503923200,0
1368932353809252359,0
1314486464865017856,0
1315398433151291399,0
1369965360598945797,0
1334147909789622276,0
1368654088427233284,0
1369544155295318016,0
1354763654839869450,0
1366782511901204481,0
1367924743102488585,0
1364153544778088449,0
1367882099739484160,0
1343569049939308544,0
1331280007038169088,0
1368469640742133760,0
1317435938251866113,1
1317457203826130947,0
1346737977972682753,0
1312987602660794369,1
1314987355581935616,1
1331571633379799042,0
1312254020996796418,0
1144169329962995712,0
1315342149509095425,0
1317115659373977600,0
1319179445408833537,1
1312915635538624515,1
1314885976154607618,1
1368153506083913729,0
1365939013497085955,0
1312249286302797824,1
1315940257439854592,1
1303380762364981250,0
1319135838186385408,1
1348948814619684864,0
1368173990825590792,0
1369348257000923145,0
1361448783880536069,0
1315027833467662338,1
1316997559240491009,0
1364884507569094657,0
1355452932645388288,0
1316396185234612224,1
1315029170943123457,1
1350021296785158145,0
1316685824344367106,1
1368881420895195138,0
1357661560127250433,0
1312268268569333760,1
1369431195117903879,0
1313040372344467456,1
1311903048508334081,0
1329084364697681923,0
1369387572179443717,0
1312286917275328512,1
1368912713473212417,0
1333385262894882824,0
1361388614890962950,0
1315330527055015936,0
1177252488795369472,0
1369663656695369730,0
1313811233376739328,0
1368866862793191424,0
1369715177432772615,0
1367801881406414848,0
1314916356857499648,0
1354422958761144322,0
1316706940639215621,1
1368654552682074118,0
1363438627200598016,0
1318827534964981760,0
1316414454981165057,0
1314489577890099200,1
1369942560622395396,0
1349341861266268161,0
1163785600559976453,0
1317479786491617281,0
1369396133756362756,0
1367761409128488961,0
1369400111567142914,0
1316376871601401857,0
1231525659803033600,0
1346075889667342336,0
1316433315776397314,0
1368710096679821313,0
1324688012115091456,0
1335954193128058884,0
1369317135210713088,0
1314862360914427906,0
1350015035809083394,0
1368813521291608065,0
1332427498236366849,0
1369367682206826509,0
1314525264785936386,1
1317370420904009730,0
1369314958966677520,0
1312973825227845633,1
1364905676879917057,0
1314509783609815040,0
1315287335039270913,1
1341451650469416968,0
1315224108309733382,1
1318976390243508228,0
1313704840426672128,1
1315996867331850243,0
1368878536812081152,0
1316023273021296640,0
1184422597980835840,0
1314935774970871808,0
1314486547002130433,0
1369563094444355584,0
1314089903626563584,0
1313047443265720320,1
1369729283091030020,0
1359862151071084548,0
1369222782115004419,0
1316659593871851520,0
1369386778277330944,0
1313728145565118469,1
1316667789818683397,1
1314488906012786688,0
1369726722699112455,0
1317306791944986624,0
1318964214791360512,0
1325122731558506496,0
1368836909154369539,0
1367445717325914123,0
1315173925706493954,0
1318931652232548352,1
1369199624792195072,0
1317437390517133316,0
1317138998301700097,0
1315378327042039809,1
1315170572616249345,0
1318977643107201025,1
1250783127976456196,0
1361330626398466050,0
1368869773132627970,0
1337332158294274048,0
1356660072248709120,0
1311643361590345728,1
1368994987145314308,0
1314885977723240448,1
1313009492557258752,1
1313640184978837506,0
1367585110195855362,0
1314904865152397313,1
1358710798894456832,0
1313755557921263618,1
1319204893551435778,0
1311623386414678017,0
1364992034159869960,0
1317254230885961732,0
1315001054027812868,0
1313684098842591232,0
1318760896324317184,0
1361684339537416198,0
1311631689471479808,0
1362779114348896258,0
1366383773215051779,0
1339202343833890816,0
1316003403441614848,1
1317016294336745472,0
1318708542849908741,0
1367498144934744072,0
1316729988574523392,0
1319192683122970624,1
1314885005932404737,0
1315054099927379968,1
1351169968340131840,0
1313392352497725441,1
1319229456834330629,0
1311640030771847171,1
1317332269569368064,1
1341384131008225280,0
1314913667926962176,1
1368616161169072130,0
1368728088906002433,0
1364888858417053696,0
1368591598150443012,0
1137379931204259842,0
1311649547559546880,1
1318096531170467841,0
1338887897764782082,0
1317437381918773248,1
1368597423031980034,0
1369911406716452870,0
1314823117378912256,1
1317119800452304897,0
1312970520615424000,1
1318867013725544450,0
1314951647424995334,0
1314826666355687424,0
1366781428575440896,0
1368150436121808900,0
1369601669214912512,0
1364888075722194946,0
1317479830343090176,1
1369758961717641219,0
1315020299004411904,1
1326915319873593344,0
1368831426628567040,0
1340291697469755392,0
1313378735912103936,1
1312304020619493377,0
1205124279244853249,0
1317271978131312642,1
1319202372967489536,0
1369389252287602691,0
1362421253475344387,0
1369271511794786314,0
1367572680837390340,0
1370061648430571520,0
1314975805374595072,1
1362941161795702785,0
